region,age,n_speakers,n_segments
NE,20,1,1151
NE,22,1,615
NE,27,1,195
NE,28,1,1095
NE,29,1,690
NE,30,1,1006
NE,33,1,895
NE,34,1,749
NE,36,1,1255
NE,37,1,1083
NE,39,1,342
NE,40,3,2055
NE,42,1,1386
NE,44,1,3010
NE,45,1,1737
NE,48,1,1109
NE,49,1,702
NE,50,1,832
NE,52,1,1964
NE,53,1,1315
NE,54,2,2253
NE,55,1,1034
NE,56,2,2726
NE,63,1,1590
NE,64,1,1110
NE,65,1,1148
NE,68,3,1973
NE,71,1,972
NE,72,1,908
NE,84,1,1227
NE,85,1,1024
NE,90,1,1517
NE,91,1,295
SE,16,1,734
SE,17,1,1004
SE,18,1,825
SE,19,1,1087
SE,21,1,608
SE,22,1,869
SE,23,1,947
SE,24,2,1681
SE,25,2,750
SE,27,2,1321
SE,28,2,1241
SE,29,2,2718
SE,30,1,452
SE,32,1,849
SE,33,1,743
SE,34,2,832
SE,35,5,4409
SE,36,1,614
SE,37,2,2520
SE,38,1,1846
SE,39,3,4409
SE,40,4,3992
SE,41,4,4173
SE,42,2,1586
SE,43,4,4475
SE,44,2,2218
SE,45,4,4279
SE,46,2,1110
SE,47,8,7532
SE,48,3,3204
SE,49,6,6043
SE,50,3,2701
SE,51,4,2779
SE,52,12,14904
SE,53,1,1219
SE,54,3,5064
SE,55,1,481
SE,56,3,4048
SE,57,2,1869
SE,58,3,2189
SE,59,3,3554
SE,60,2,2409
SE,61,3,3377
SE,62,2,1926
SE,63,2,1693
SE,64,3,2798
SE,65,6,5863
SE,66,4,4889
SE,67,2,2181
SE,68,3,3565
SE,69,1,1046
SE,70,3,3222
SE,71,7,6098
SE,72,3,5282
SE,73,3,3661
SE,74,3,3362
SE,75,6,5671
SE,76,3,2570
SE,77,5,5610
SE,78,2,2422
SE,79,2,3482
SE,80,2,2527
SE,81,3,3737
SE,83,1,875
SE,84,1,876
SE,88,5,4791
SE,89,1,364
SE,91,1,764
SE,92,1,921
SE,93,1,567
SE,97,1,524
SE,100,1,1922
SE,101,1,713
SE,102,1,429
fora_de_escopo,22,1,1719
fora_de_escopo,32,1,1177
fora_de_escopo,37,1,481
fora_de_escopo,38,1,826
fora_de_escopo,40,1,1223
fora_de_escopo,41,1,809
fora_de_escopo,42,1,495
fora_de_escopo,44,1,396
fora_de_escopo,48,1,2107
fora_de_escopo,52,2,1904
fora_de_escopo,53,1,950
fora_de_escopo,54,1,757
fora_de_escopo,55,1,943
fora_de_escopo,56,1,680
fora_de_escopo,57,2,2497
fora_de_escopo,58,2,1705
fora_de_escopo,59,1,515
fora_de_escopo,60,1,980
fora_de_escopo,62,1,920
fora_de_escopo,63,2,1956
fora_de_escopo,66,2,1950
fora_de_escopo,67,2,1261
fora_de_escopo,68,2,2556
fora_de_escopo,70,5,4320
fora_de_escopo,72,2,1418
fora_de_escopo,73,2,1608
fora_de_escopo,74,3,2930
fora_de_escopo,75,2,1941
fora_de_escopo,76,1,1450
fora_de_escopo,77,2,1190
fora_de_escopo,80,2,1775
fora_de_escopo,82,1,1566
fora_de_escopo,83,2,901
fora_de_escopo,87,1,667
fora_de_escopo,89,1,891
fora_de_escopo,101,1,402
fora_de_escopo,102,1,894
fora_de_escopo,110,1,204
