shard,split,n_row_groups_total,n_row_groups_selected,row_groups,n_rows_targeted,audio_bytes_to_download,audio_bytes_avoided
data/test-00000-of-00008.parquet,test,39,25,14;15;16;17;18;19;20;21;22;23;24;25;26;27;28;29;30;31;32;33;34;35;36;37;38,235,263830366,153668805
data/test-00001-of-00008.parquet,test,39,12,0;1;2;3;4;5;6;7;8;9;37;38,86,145152760,414028666
data/test-00002-of-00008.parquet,test,39,20,0;1;2;3;4;5;24;25;26;27;28;29;30;31;32;33;34;35;36;37,155,244208779,298755112
data/test-00003-of-00008.parquet,test,39,6,33;34;35;36;37;38,49,66846419,395575647
data/test-00004-of-00008.parquet,test,39,26,0;1;2;3;4;5;15;16;17;20;21;22;23;24;25;26;27;28;29;30;31;32;33;34;35;36,169,248775140,175585585
data/test-00005-of-00008.parquet,test,39,6,25;26;27;28;29;30,86,86034249,329629215
data/test-00006-of-00008.parquet,test,39,20,7;8;9;10;11;12;13;14;15;16;17;18;19;32;33;34;35;36;37;38,223,235881828,199612560
data/test-00007-of-00008.parquet,test,39,34,0;1;2;3;4;5;6;7;8;9;10;11;12;13;14;15;16;17;18;19;20;21;22;23;24;25;26;27;28;29;30;31;32;33,228,436930499,72016893
data/train-00000-of-00074.parquet,train,38,13,11;12;13;14;15;16;17;18;19;20;21;22;23,95,142063263,327264503
data/train-00001-of-00074.parquet,train,38,13,24;25;26;27;28;29;30;31;32;33;34;35;36,96,145224854,234286137
data/train-00002-of-00074.parquet,train,38,24,8;9;10;11;12;13;14;15;16;17;18;19;20;21;22;23;24;25;26;27;28;29;30;31,176,345975341,180759246
data/train-00004-of-00074.parquet,train,38,28,1;2;3;4;5;6;7;8;9;10;11;12;13;14;15;16;17;18;19;20;21;31;32;33;34;35;36;37,190,536445557,146922583
data/train-00005-of-00074.parquet,train,38,38,0;1;2;3;4;5;6;7;8;9;10;11;12;13;14;15;16;17;18;19;20;21;22;23;24;25;26;27;28;29;30;31;32;33;34;35;36;37,285,463439507,0
data/train-00006-of-00074.parquet,train,38,24,0;1;2;3;4;5;6;7;8;9;10;11;12;13;14;15;16;17;18;19;20;21;22;23,214,363220617,150666872
data/train-00007-of-00074.parquet,train,38,30,7;8;9;10;11;12;13;14;15;16;17;18;19;20;22;23;24;25;26;27;28;29;30;31;32;33;34;35;36;37,188,408826591,102405303
data/train-00008-of-00074.parquet,train,38,38,0;1;2;3;4;5;6;7;8;9;10;11;12;13;14;15;16;17;18;19;20;21;22;23;24;25;26;27;28;29;30;31;32;33;34;35;36;37,191,553289827,0
data/train-00009-of-00074.parquet,train,38,25,0;1;2;3;4;5;6;7;8;9;23;24;25;26;27;28;29;30;31;32;33;34;35;36;37,213,329456682,156191643
data/train-00010-of-00074.parquet,train,38,26,0;1;2;3;16;17;18;19;20;21;22;23;24;25;26;27;28;29;30;31;32;33;34;35;36;37,218,380224434,129244146
data/train-00011-of-00074.parquet,train,38,38,0;1;2;3;4;5;6;7;8;9;10;11;12;13;14;15;16;17;18;19;20;21;22;23;24;25;26;27;28;29;30;31;32;33;34;35;36;37,350,563370742,0
data/train-00012-of-00074.parquet,train,38,30,0;1;2;3;4;5;6;7;8;9;10;11;12;13;14;15;16;17;18;19;20;21;22;23;24;33;34;35;36;37,279,397481109,85297114
data/train-00013-of-00074.parquet,train,38,38,0;1;2;3;4;5;6;7;8;9;10;11;12;13;14;15;16;17;18;19;20;21;22;23;24;25;26;27;28;29;30;31;32;33;34;35;36;37,277,473059862,0
data/train-00014-of-00074.parquet,train,38,38,0;1;2;3;4;5;6;7;8;9;10;11;12;13;14;15;16;17;18;19;20;21;22;23;24;25;26;27;28;29;30;31;32;33;34;35;36;37,250,513415865,0
data/train-00015-of-00074.parquet,train,38,28,0;1;2;3;4;5;6;7;8;9;10;11;12;13;19;20;21;22;23;24;25;26;27;28;29;30;31;32,183,315200057,97125915
data/train-00017-of-00074.parquet,train,38,18,4;5;6;7;8;9;10;11;12;13;14;15;16;17;18;19;20;21,170,288692539,267219378
data/train-00018-of-00074.parquet,train,38,9,0;1;2;3;4;5;34;35;36,108,118237195,312224130
data/train-00019-of-00074.parquet,train,38,25,0;1;2;3;4;5;6;7;8;9;10;11;12;13;14;15;16;30;31;32;33;34;35;36;37,138,371343737,220207069
data/train-00020-of-00074.parquet,train,38,34,0;1;2;7;8;9;10;11;12;13;14;15;16;17;18;19;20;21;22;23;24;25;26;27;28;29;30;31;32;33;34;35;36;37,244,413372329,64772939
data/train-00021-of-00074.parquet,train,38,20,0;1;2;13;14;15;16;17;18;19;20;21;22;23;24;25;26;27;28;29,100,309808898,238597383
data/train-00022-of-00074.parquet,train,38,14,24;25;26;27;28;29;30;31;32;33;34;35;36;37,62,178649236,344575626
data/train-00023-of-00074.parquet,train,38,4,0;1;2;3,28,57691760,396486196
data/train-00024-of-00074.parquet,train,38,33,1;2;3;4;5;6;7;8;9;10;11;12;13;14;15;16;17;18;19;20;21;22;23;24;25;26;27;29;30;31;33;35;37,111,379215645,63890790
data/train-00025-of-00074.parquet,train,38,31,0;1;2;3;4;5;6;7;8;16;17;18;19;20;21;22;23;24;25;26;27;28;29;30;31;32;33;34;35;36;37,260,426444011,70542046
data/train-00026-of-00074.parquet,train,38,12,26;27;28;29;30;31;32;33;34;35;36;37,42,91804953,285249300
data/train-00027-of-00074.parquet,train,38,38,0;1;2;3;4;5;6;7;8;9;10;11;12;13;14;15;16;17;18;19;20;21;22;23;24;25;26;27;28;29;30;31;32;33;34;35;36;37,246,543824503,0
data/train-00028-of-00074.parquet,train,38,31,0;1;9;10;11;12;13;14;15;16;17;18;19;20;21;22;23;24;25;26;27;28;29;30;31;32;33;34;35;36;37,312,399099691,103408957
data/train-00029-of-00074.parquet,train,38,29,0;1;2;3;4;5;6;7;17;18;19;20;21;22;23;24;25;26;27;28;29;30;31;32;33;34;35;36;37,277,409579383,129296634
data/train-00030-of-00074.parquet,train,38,24,0;1;2;3;4;5;6;16;17;18;19;20;21;22;28;29;30;31;32;33;34;35;36;37,204,363704265,183183510
data/train-00031-of-00074.parquet,train,38,9,0;30;31;32;33;34;35;36;37,93,128860807,299323772
data/train-00032-of-00074.parquet,train,38,37,0;1;2;3;4;5;6;7;8;9;10;11;12;13;14;15;16;17;18;19;20;21;22;23;24;25;26;27;28;29;30;31;32;33;34;35;36,154,545906688,4792398
data/train-00033-of-00074.parquet,train,38,14,0;1;2;3;22;23;24;25;26;27;28;29;30;31,108,188104676,215123415
data/train-00034-of-00074.parquet,train,38,19,3;4;5;6;7;8;9;10;11;17;18;19;20;21;22;23;24;25;26,191,205786379,195258358
data/train-00035-of-00074.parquet,train,38,13,15;16;17;18;19;20;21;22;33;34;35;36;37,124,178379100,339937645
data/train-00036-of-00074.parquet,train,38,16,0;1;2;3;4;5;6;7;8;29;30;31;32;33;34;35,136,208150141,258220387
data/train-00037-of-00074.parquet,train,38,30,8;9;10;11;12;13;14;15;16;17;18;19;20;21;22;23;24;25;26;27;28;29;30;31;32;33;34;35;36;37,216,406190826,94664196
data/train-00038-of-00074.parquet,train,38,24,0;1;2;3;4;12;13;14;15;16;17;25;26;27;28;29;30;31;32;33;34;35;36;37,200,277434076,176972789
data/train-00039-of-00074.parquet,train,38,1,0,10,11043016,343300108
data/train-00040-of-00074.parquet,train,38,22,1;2;3;4;5;6;7;8;9;10;11;12;13;14;15;16;17;18;19;20;21;22,172,338050368,200108210
data/train-00041-of-00074.parquet,train,38,25,13;14;15;16;17;18;19;20;21;22;23;24;25;26;27;28;29;30;31;32;33;34;35;36;37,149,306334101,176370359
data/train-00042-of-00074.parquet,train,38,5,0;1;2;3;4,29,65058956,479400323
data/train-00043-of-00074.parquet,train,38,13,21;22;23;24;25;26;27;28;29;30;31;32;33,109,117705989,297734388
data/train-00044-of-00074.parquet,train,38,32,6;7;8;9;10;11;12;13;14;15;16;17;18;19;20;21;22;23;24;25;26;27;28;29;30;31;32;33;34;35;36;37,285,423964953,93313356
data/train-00045-of-00074.parquet,train,38,38,0;1;2;3;4;5;6;7;8;9;10;11;12;13;14;15;16;17;18;19;20;21;22;23;24;25;26;27;28;29;30;31;32;33;34;35;36;37,268,596782709,0
data/train-00046-of-00074.parquet,train,38,30,0;1;2;3;4;5;6;7;8;9;10;11;12;13;14;15;16;17;18;19;20;21;22;23;24;25;26;27;28;29,148,490172457,83023338
data/train-00047-of-00074.parquet,train,38,21,17;18;19;20;21;22;23;24;25;26;27;28;29;30;31;32;33;34;35;36;37,211,331492898,222358185
data/train-00048-of-00074.parquet,train,38,37,0;1;2;3;4;5;6;7;8;9;10;11;12;13;14;15;16;17;18;19;20;21;22;23;24;25;26;27;28;29;30;31;32;33;34;35;36,265,479903052,8125167
data/train-00049-of-00074.parquet,train,38,26,0;1;2;3;4;5;6;7;8;9;10;11;12;13;14;15;16;17;18;19;20;21;22;23;24;25,138,410143350,146805338
data/train-00050-of-00074.parquet,train,38,36,2;3;4;5;6;7;8;9;10;11;12;13;14;15;16;17;18;19;20;21;22;23;24;25;26;27;28;29;30;31;32;33;34;35;36;37,253,467086431,23190126
data/train-00051-of-00074.parquet,train,38,38,0;1;2;3;4;5;6;7;8;9;10;11;12;13;14;15;16;17;18;19;20;21;22;23;24;25;26;27;28;29;30;31;32;33;34;35;36;37,247,447970476,0
data/train-00052-of-00074.parquet,train,38,8,0;1;2;3;4;5;6;7,51,99955909,408416914
data/train-00053-of-00074.parquet,train,38,29,9;10;11;12;13;14;15;16;17;18;19;20;21;22;23;24;25;26;27;28;29;30;31;32;33;34;35;36;37,291,336584916,140095641
data/train-00054-of-00074.parquet,train,38,25,0;1;2;3;4;5;6;7;8;9;10;11;12;13;14;15;16;17;18;19;20;21;22;35;36,174,318864755,184240069
data/train-00055-of-00074.parquet,train,38,30,0;1;2;3;4;5;6;7;8;9;10;11;12;13;14;15;16;17;18;19;20;21;22;23;24;25;26;27;28;29,101,283905562,112645420
data/train-00056-of-00074.parquet,train,38,21,17;18;19;20;21;22;23;24;25;26;27;28;29;30;31;32;33;34;35;36;37,161,277711013,216694457
data/train-00057-of-00074.parquet,train,38,8,0;1;14;15;16;17;18;19,113,95559937,322966062
data/train-00058-of-00074.parquet,train,38,22,16;17;18;19;20;21;22;23;24;25;26;27;28;29;30;31;32;33;34;35;36;37,104,280594817,221879548
data/train-00059-of-00074.parquet,train,38,27,0;1;2;3;4;5;7;8;9;10;11;12;13;24;25;26;27;28;29;30;31;32;33;34;35;36;37,210,389558433,149182627
data/train-00060-of-00074.parquet,train,38,4,0;1;2;3,66,42989556,420692020
data/train-00061-of-00074.parquet,train,38,27,11;12;13;14;15;16;17;18;19;20;21;22;23;24;25;26;27;28;29;30;31;32;33;34;35;36;37,194,320986511,155165811
data/train-00062-of-00074.parquet,train,38,24,0;1;2;3;4;5;6;7;8;9;10;11;12;13;14;15;16;17;32;33;34;35;36;37,215,357230626,188894751
data/train-00063-of-00074.parquet,train,38,22,0;1;2;3;4;5;6;7;8;9;10;11;12;22;23;24;25;26;27;28;29;30,211,295654951,229724979
data/train-00064-of-00074.parquet,train,38,24,7;8;9;10;11;12;13;14;15;16;24;25;26;27;28;29;30;31;32;33;34;35;36;37,179,436088889,202439540
data/train-00065-of-00074.parquet,train,38,26,0;1;2;3;4;5;6;7;8;9;10;11;12;13;14;15;16;17;18;31;32;33;34;35;36;37,193,331045639,165240185
data/train-00066-of-00074.parquet,train,38,38,0;1;2;3;4;5;6;7;8;9;10;11;12;13;14;15;16;17;18;19;20;21;22;23;24;25;26;27;28;29;30;31;32;33;34;35;36;37,317,446495401,0
data/train-00067-of-00074.parquet,train,38,21,0;1;2;3;4;5;6;7;8;9;10;20;21;22;23;24;25;26;27;28;29,194,328569025,288340965
data/train-00068-of-00074.parquet,train,38,14,24;25;26;27;28;29;30;31;32;33;34;35;36;37,138,231899408,316609653
data/train-00069-of-00074.parquet,train,38,25,0;1;15;16;17;18;19;20;21;22;23;24;25;26;27;28;29;30;31;32;33;34;35;36;37,267,341311002,158261044
data/train-00070-of-00074.parquet,train,38,1,0,6,12231956,444299670
data/train-00071-of-00074.parquet,train,38,24,3;4;5;6;7;8;9;10;11;12;13;14;15;16;17;18;19;20;30;31;32;33;34;35,187,270072554,152407547
data/train-00072-of-00074.parquet,train,38,16,22;23;24;25;26;27;28;29;30;31;32;33;34;35;36;37,160,177245358,263196515
data/train-00073-of-00074.parquet,train,38,16,0;11;12;13;14;15;16;17;18;19;20;21;22;23;24;25,117,169857324,243651180
data/validation-00000-of-00003.parquet,validation,33,24,9;10;11;12;13;14;15;16;17;18;19;20;21;22;23;24;25;26;27;28;29;30;31;32,220,407136994,76061745
data/validation-00001-of-00003.parquet,validation,33,19,0;1;2;3;13;14;15;16;17;18;19;20;21;22;23;24;25;26;27,122,237024943,175052621
data/validation-00002-of-00003.parquet,validation,33,19,6;7;8;9;10;11;12;13;14;15;16;17;18;19;20;21;22;23;24,87,274432412,230030402
