section,key,value
sentinela_por_coluna,age==0,27800.0
sentinela_por_coluna,birth_state=='unknown',27800.0
sentinela_por_coluna,birth_state=='',14316.0
sentinela_por_coluna,birth_country!='Brazil',14316.0
sentinela_por_coluna,education=='unknown',237211.0
sentinela_por_coluna,racial_category=='unknown',277447.0
sentinela_por_coluna,speaker_gender=='X',403.0
audio_quality,high,296330.0
audio_quality,low,21413.0
duration_segundos,min,0.02
duration_segundos,q1,1.761
duration_segundos,mediana,3.102
duration_segundos,q3,5.345
duration_segundos,max,29.81
duration_segundos,media,4.1371
segmentos_por_falante,min,64.0
segmentos_por_falante,q1,680.0
segmentos_por_falante,mediana,943.0
segmentos_por_falante,q3,1266.0
segmentos_por_falante,max,3010.0
segmentos_por_falante,media,1003.263
