region,age_bucket,n_speakers,n_segments,hours
NE,"[16,25)",2,1766,1.5677
NE,"[25,35)",6,4630,5.5639
NE,"[35,45)",8,9131,9.0561
NE,"[45,60)",11,13672,13.709
NE,"[60,120)",12,11764,13.4366
SE,"[16,25)",9,7755,9.2197
SE,"[25,35)",13,8906,11.5465
SE,"[35,45)",28,30242,36.9848
SE,"[45,60)",58,60976,77.6553
SE,"[60,120)",85,90137,106.7957
fora_de_escopo,"[16,25)",1,1719,1.5121
fora_de_escopo,"[25,35)",1,1177,1.4247
fora_de_escopo,"[35,45)",6,4230,6.0146
fora_de_escopo,"[45,60)",12,12058,13.9591
fora_de_escopo,"[60,120)",37,31780,34.2482
